Frame,Timestamp_seconds,Condition,Confidence,X1,Y1,X2,Y2
1,0.1,Inverted,0.799,677,91,791,166
1,0.1,Normal,0.788,492,556,601,630
1,0.1,Normal,0.771,678,556,791,630
1,0.1,Normal,0.635,488,88,601,163
1,0.1,Normal,0.443,489,325,601,398
1,0.1,Normal,0.284,678,325,790,398
2,0.2,Normal,0.902,477,497,595,572
2,0.2,Normal,0.893,674,496,784,572
2,0.2,Normal,0.756,675,261,785,335
2,0.2,Normal,0.746,676,25,788,99
2,0.2,Normal,0.65,481,27,597,101
2,0.2,Inverted,0.606,479,264,590,337
2,0.2,Displaced,0.403,482,25,597,102
3,0.3,Inverted,0.876,486,87,600,162
3,0.3,Normal,0.873,487,325,600,399
3,0.3,Normal,0.838,676,549,794,622
3,0.3,Normal,0.819,676,89,792,162
3,0.3,Normal,0.719,486,550,599,622
3,0.3,Normal,0.488,676,324,794,397
3,0.3,Displaced,0.358,678,323,791,400
4,0.4,Normal,0.799,482,18,594,91
4,0.4,Normal,0.79,676,479,785,553
4,0.4,Normal,0.751,481,481,596,556
4,0.4,Inverted,0.681,482,254,591,326
4,0.4,Normal,0.541,674,248,784,322
4,0.4,Normal,0.462,675,17,784,89
5,0.5,Normal,0.853,497,558,608,633
5,0.5,Normal,0.814,687,94,796,168
5,0.5,Normal,0.78,686,327,797,400
5,0.5,Normal,0.765,496,93,610,169
5,0.5,Normal,0.724,679,558,796,629
5,0.5,Normal,0.631,496,326,610,401
6,0.6,Normal,0.829,481,365,595,437
6,0.6,Normal,0.8,676,364,783,436
6,0.6,Deformed,0.741,483,133,602,211
6,0.6,Normal,0.662,479,598,594,672
6,0.6,Normal,0.662,676,136,784,206
6,0.6,Normal,0.561,675,597,783,671
7,0.7,Normal,0.87,498,504,611,580
7,0.7,Normal,0.857,498,40,613,116
7,0.7,Normal,0.814,689,505,797,580
7,0.7,Normal,0.765,683,43,797,119
7,0.7,Normal,0.722,680,273,797,347
7,0.7,Normal,0.595,496,270,610,347
8,0.8,Normal,0.845,675,77,783,149
8,0.8,Normal,0.796,480,78,594,153
8,0.8,Normal,0.747,676,308,784,381
8,0.8,Normal,0.711,481,308,594,380
8,0.8,Normal,0.559,676,538,783,611
9,0.9,Normal,0.862,678,316,794,390
9,0.9,Normal,0.846,680,541,798,617
9,0.9,Normal,0.77,686,88,792,170
9,0.9,Normal,0.668,493,315,606,389
9,0.9,Normal,0.665,496,87,605,162
9,0.9,Normal,0.607,494,542,607,616
10,1.0,Normal,0.765,481,468,595,540
10,1.0,Normal,0.747,675,467,785,538
10,1.0,Normal,0.746,676,237,783,309
10,1.0,Normal,0.486,482,3,596,76
11,1.1,Normal,0.877,690,526,797,601
11,1.1,Normal,0.865,689,51,798,125
11,1.1,Normal,0.761,496,525,610,599
11,1.1,Normal,0.66,689,288,797,364
11,1.1,Normal,0.659,496,287,610,363
12,1.2,Normal,0.848,481,11,594,84
12,1.2,Normal,0.794,481,245,595,316
12,1.2,Normal,0.793,676,476,783,551
12,1.2,Normal,0.538,675,244,784,316
12,1.2,Normal,0.477,674,10,783,83
12,1.2,Deformed,0.318,486,479,597,552
13,1.3,Normal,0.851,675,45,782,118
13,1.3,Normal,0.849,480,504,595,578
13,1.3,Normal,0.803,480,46,595,121
13,1.3,Normal,0.788,676,505,784,578
13,1.3,Normal,0.735,676,268,784,342
13,1.3,Fractured,0.489,484,274,593,341
14,1.4,Normal,0.874,689,244,798,317
14,1.4,Normal,0.834,497,243,609,318
14,1.4,Normal,0.797,686,475,797,550
14,1.4,Normal,0.299,685,2,799,75
15,1.5,Normal,0.843,481,588,597,661
15,1.5,Normal,0.824,483,120,596,194
15,1.5,Normal,0.727,676,588,785,658
15,1.5,Normal,0.637,482,357,596,429
15,1.5,Fractured,0.279,680,123,788,194
16,1.6,Normal,0.852,675,459,791,533
16,1.6,Normal,0.784,485,456,600,531
16,1.6,Normal,0.586,675,222,792,296
17,1.7,Normal,0.842,480,572,595,645
17,1.7,Normal,0.838,480,332,596,405
17,1.7,Normal,0.837,480,103,597,177
17,1.7,Normal,0.775,676,103,784,175
17,1.7,Normal,0.516,676,571,784,644
17,1.7,Deformed,0.28,680,334,789,406
18,1.8,Normal,0.861,682,348,795,422
18,1.8,Normal,0.82,685,112,794,187
18,1.8,Normal,0.767,493,577,606,651
18,1.8,Normal,0.735,493,348,605,421
18,1.8,Normal,0.727,495,111,609,187
19,1.9,Normal,0.897,675,415,788,491
19,1.9,Normal,0.881,483,420,597,493
19,1.9,Normal,0.867,482,182,597,255
19,1.9,Fractured,0.598,677,184,784,255
19,1.9,Normal,0.373,675,652,787,720
19,1.9,Normal,0.324,483,653,596,718
20,2.0,Normal,0.847,682,236,795,308
20,2.0,Normal,0.835,497,461,606,536
20,2.0,Normal,0.59,687,464,794,537
21,2.1,Normal,0.773,684,229,796,306
21,2.1,Normal,0.771,690,463,799,543
21,2.1,Normal,0.718,493,464,607,539
21,2.1,Normal,0.44,493,227,607,303
22,2.2,Normal,0.864,483,492,598,567
22,2.2,Normal,0.84,677,493,789,567
22,2.2,Normal,0.823,482,250,598,324
22,2.2,Normal,0.575,678,23,788,95
22,2.2,Deformed,0.392,480,22,603,98
22,2.2,Normal,0.38,677,252,789,324
23,2.3,Normal,0.862,477,592,590,667
23,2.3,Normal,0.841,673,591,781,666
23,2.3,Normal,0.833,672,371,782,443
23,2.3,Normal,0.781,475,146,592,218
23,2.3,Normal,0.578,477,374,592,444
23,2.3,Inverted,0.553,674,146,784,218
24,2.4,Normal,0.886,676,40,790,115
24,2.4,Inverted,0.741,677,515,792,593
24,2.4,Normal,0.557,490,513,600,587
24,2.4,Normal,0.499,488,41,599,115
25,2.5,Normal,0.794,489,591,602,666
25,2.5,Normal,0.758,489,123,602,196
25,2.5,Normal,0.75,488,357,601,432
25,2.5,Normal,0.729,677,590,793,666
25,2.5,Normal,0.609,678,359,793,432
25,2.5,Deformed,0.293,676,123,792,199
25,2.5,Fractured,0.293,676,123,793,200
26,2.6,Normal,0.855,678,28,790,102
26,2.6,Normal,0.839,484,260,599,333
26,2.6,Normal,0.824,482,28,600,103
26,2.6,Normal,0.771,484,491,602,567
26,2.6,Normal,0.381,680,260,791,333
26,2.6,Fractured,0.303,686,492,789,564
26,2.6,Displaced,0.293,682,259,790,335
27,2.7,Normal,0.887,487,205,602,281
27,2.7,Normal,0.846,484,438,601,514
27,2.7,Normal,0.829,674,439,791,513
27,2.7,Inverted,0.579,676,206,788,283
27,2.7,Displaced,0.316,678,208,789,284
28,2.8,Normal,0.804,676,445,789,516
28,2.8,Normal,0.794,483,212,597,283
28,2.8,Normal,0.509,676,212,789,283
29,2.9,Normal,0.876,487,156,601,230
29,2.9,Normal,0.823,680,391,793,464
29,2.9,Normal,0.822,489,616,600,692
29,2.9,Normal,0.782,677,617,793,691
29,2.9,Fractured,0.721,677,159,793,236
29,2.9,Normal,0.706,487,391,600,463
30,3.0,Normal,0.89,483,618,599,695
30,3.0,Normal,0.851,678,386,790,461
30,3.0,Normal,0.699,674,616,789,692
30,3.0,Normal,0.644,675,147,790,221
30,3.0,Normal,0.601,485,148,600,221
31,3.1,Normal,0.908,482,469,600,545
31,3.1,Normal,0.905,482,235,600,312
31,3.1,Normal,0.851,677,467,787,543
31,3.1,Fractured,0.767,683,234,790,311
31,3.1,Normal,0.652,482,5,598,79
32,3.2,Normal,0.831,680,448,796,523
32,3.2,Normal,0.83,491,447,603,523
32,3.2,Normal,0.381,489,214,604,289
32,3.2,Displaced,0.315,689,215,802,292
33,3.3,Normal,0.856,484,513,600,589
33,3.3,Normal,0.82,484,50,601,123
33,3.3,Normal,0.811,678,281,792,354
33,3.3,Normal,0.767,679,514,792,590
33,3.3,Normal,0.708,483,281,603,355
33,3.3,Fractured,0.454,683,52,791,125
34,3.4,Normal,0.873,684,137,797,213
34,3.4,Normal,0.7,681,610,797,684
34,3.4,Normal,0.696,495,367,609,443
34,3.4,Normal,0.671,494,608,608,684
34,3.4,Normal,0.625,681,368,798,443
34,3.4,Displaced,0.284,491,139,607,213
35,3.5,Normal,0.885,675,424,788,502
35,3.5,Normal,0.86,673,199,791,276
35,3.5,Normal,0.849,484,424,600,501
36,3.6,Normal,0.893,493,551,606,627
36,3.6,Normal,0.882,679,553,796,627
36,3.6,Normal,0.859,682,93,796,169
36,3.6,Normal,0.751,494,93,607,166
36,3.6,Normal,0.396,684,328,796,400
36,3.6,Fractured,0.368,492,330,608,403
36,3.6,Displaced,0.364,682,328,796,403
37,3.7,Normal,0.894,674,171,790,246
37,3.7,Normal,0.836,483,405,600,479
37,3.7,Normal,0.81,676,405,790,480
37,3.7,Normal,0.641,485,639,601,713
37,3.7,Normal,0.558,675,637,791,712
37,3.7,Fractured,0.283,486,172,601,243
38,3.8,Normal,0.883,680,460,797,535
38,3.8,Normal,0.871,683,235,796,312
38,3.8,Normal,0.756,493,232,610,309
38,3.8,Normal,0.629,492,463,602,537
39,3.9,Normal,0.842,482,314,599,389
39,3.9,Normal,0.834,676,315,786,389
39,3.9,Normal,0.795,483,83,600,159
39,3.9,Normal,0.794,480,544,598,618
39,3.9,Normal,0.786,675,83,789,159
40,4.0,Normal,0.789,680,464,798,540
40,4.0,Normal,0.75,684,229,796,306
40,4.0,Normal,0.39,493,227,607,302
41,4.1,Normal,0.87,482,70,601,147
41,4.1,Normal,0.87,482,530,600,606
41,4.1,Normal,0.868,482,307,599,382
41,4.1,Normal,0.852,678,529,789,605
41,4.1,Normal,0.798,677,306,789,381
41,4.1,Displaced,0.705,696,73,792,147
41,4.1,Inverted,0.425,695,72,791,147
42,4.2,Normal,0.778,680,413,797,488
42,4.2,Normal,0.738,494,184,607,260
42,4.2,Normal,0.555,494,413,607,488
42,4.2,Fractured,0.425,682,185,795,261
42,4.2,Displaced,0.301,682,185,795,260
43,4.3,Normal,0.908,684,117,796,192
43,4.3,Normal,0.883,679,588,795,663
43,4.3,Fractured,0.786,683,355,796,432
43,4.3,Normal,0.731,492,354,607,429
43,4.3,Normal,0.681,493,587,607,663
43,4.3,Normal,0.497,495,118,607,192
44,4.4,Normal,0.913,481,583,598,660
44,4.4,Normal,0.906,676,351,790,427
44,4.4,Normal,0.899,675,583,789,659
44,4.4,Fractured,0.842,483,354,603,431
44,4.4,Normal,0.825,675,119,788,194
44,4.4,Normal,0.824,484,120,598,194
45,4.5,Normal,0.873,688,500,796,574
45,4.5,Normal,0.839,681,265,796,338
45,4.5,Normal,0.809,496,30,609,105
45,4.5,Inverted,0.743,491,264,607,342
45,4.5,Normal,0.712,494,501,606,573
45,4.5,Normal,0.685,683,30,796,106
46,4.6,Normal,0.893,675,261,785,335
46,4.6,Normal,0.828,481,34,598,109
46,4.6,Normal,0.783,674,496,785,571
46,4.6,Normal,0.703,675,32,784,107
46,4.6,Normal,0.327,482,263,596,336
47,4.7,Normal,0.892,688,500,798,574
47,4.7,Normal,0.834,685,270,798,346
47,4.7,Normal,0.821,685,39,796,115
47,4.7,Normal,0.759,496,499,609,574
47,4.7,Normal,0.757,496,38,611,114
48,4.8,Normal,0.902,482,329,599,405
48,4.8,Normal,0.857,677,329,788,405
48,4.8,Normal,0.82,676,564,790,640
48,4.8,Normal,0.765,676,95,789,171
48,4.8,Normal,0.437,485,100,599,171
49,4.9,Normal,0.878,685,420,796,497
49,4.9,Normal,0.854,495,420,610,495
49,4.9,Normal,0.851,496,185,608,262
49,4.9,Missing,0.491,691,188,799,266
50,5.0,Normal,0.81,679,526,788,600
50,5.0,Normal,0.796,482,292,598,365
50,5.0,Normal,0.786,482,526,599,601
50,5.0,Normal,0.69,675,61,789,137
50,5.0,Normal,0.391,676,291,790,364
50,5.0,Missing,0.28,482,69,541,138
51,5.1,Normal,0.902,676,267,789,341
51,5.1,Normal,0.873,479,501,599,577
51,5.1,Normal,0.832,483,267,600,341
51,5.1,Normal,0.823,482,35,599,108
51,5.1,Normal,0.68,677,501,790,576
51,5.1,Missing,0.385,677,37,766,103
52,5.2,Normal,0.882,687,108,797,185
52,5.2,Normal,0.863,688,565,796,639
52,5.2,Normal,0.837,687,334,798,411
52,5.2,Normal,0.836,495,564,606,640
52,5.2,Normal,0.832,496,333,608,407
52,5.2,Fractured,0.321,491,109,592,181
53,5.3,Normal,0.834,676,218,790,293
53,5.3,Normal,0.811,677,453,791,526
53,5.3,Normal,0.734,482,453,600,526
53,5.3,Missing,0.43,489,220,593,291
54,5.4,Normal,0.854,682,544,795,619
54,5.4,Normal,0.826,680,327,796,399
54,5.4,Normal,0.768,493,543,609,617
54,5.4,Normal,0.705,684,110,797,185
54,5.4,Normal,0.568,496,110,607,186
54,5.4,Missing,0.512,489,329,572,397
55,5.5,Normal,0.851,484,514,600,589
55,5.5,Normal,0.82,485,50,600,123
55,5.5,Normal,0.761,680,514,792,590
55,5.5,Normal,0.747,677,47,793,122
55,5.5,Normal,0.669,483,281,603,354
55,5.5,Fractured,0.459,685,282,791,353
55,5.5,Missing,0.339,684,282,787,353
56,5.6,Normal,0.818,496,226,608,302
56,5.6,Normal,0.811,683,227,795,303
56,5.6,Normal,0.715,494,460,606,532
56,5.6,Missing,0.463,682,467,769,532
57,5.7,Normal,0.885,683,578,797,652
57,5.7,Normal,0.842,683,119,794,194
57,5.7,Normal,0.804,496,576,609,652
57,5.7,Normal,0.725,497,345,609,420
57,5.7,Normal,0.715,493,118,605,193
57,5.7,Missing,0.433,682,356,764,415
58,5.8,Missing,0.867,481,410,581,480
58,5.8,Normal,0.839,678,643,792,717
58,5.8,Normal,0.825,484,173,601,248
58,5.8,Normal,0.813,677,406,790,482
58,5.8,Normal,0.738,679,174,790,247
58,5.8,Missing,0.671,481,411,545,479
58,5.8,Normal,0.608,484,643,600,717
59,5.9,Normal,0.827,682,348,795,422
59,5.9,Missing,0.816,692,113,795,187
59,5.9,Normal,0.808,681,578,795,652
59,5.9,Normal,0.808,495,111,609,187
59,5.9,Normal,0.766,494,576,605,653
59,5.9,Normal,0.732,494,348,605,421
60,6.0,Normal,0.896,679,132,792,207
60,6.0,Normal,0.826,482,373,603,448
60,6.0,Normal,0.819,677,597,794,672
60,6.0,Normal,0.793,678,371,791,445
60,6.0,Normal,0.774,484,134,601,208
60,6.0,Missing,0.364,491,603,594,677
61,6.1,Normal,0.84,484,62,601,136
61,6.1,Normal,0.838,484,302,602,377
61,6.1,Normal,0.819,677,61,790,136
61,6.1,Normal,0.819,678,527,792,604
61,6.1,Missing,0.735,682,304,772,373
61,6.1,Normal,0.726,484,530,601,604
62,6.2,Normal,0.818,497,39,609,113
62,6.2,Normal,0.799,686,503,796,576
62,6.2,Normal,0.796,496,504,608,578
62,6.2,Normal,0.781,685,39,795,113
62,6.2,Missing,0.768,688,270,795,340
62,6.2,Normal,0.612,497,267,609,340
63,6.3,Normal,0.869,678,216,791,289
63,6.3,Normal,0.849,482,215,603,290
63,6.3,Normal,0.836,483,453,599,526
63,6.3,Missing,0.268,681,453,784,529
64,6.4,Normal,0.863,682,249,795,326
64,6.4,Normal,0.859,683,480,795,556
64,6.4,Missing,0.859,491,249,606,326
64,6.4,Normal,0.822,682,13,796,87
64,6.4,Normal,0.688,496,479,606,555
64,6.4,Normal,0.682,496,14,608,87
64,6.4,Missing,0.325,490,251,553,324
65,6.5,Normal,0.909,679,348,794,424
65,6.5,Normal,0.901,677,117,793,193
65,6.5,Normal,0.867,484,582,603,657
65,6.5,Normal,0.851,484,350,603,424
65,6.5,Normal,0.832,678,580,795,655
65,6.5,Missing,0.75,495,119,600,197
66,6.6,Normal,0.814,683,236,794,308
66,6.6,Missing,0.579,491,462,574,536
66,6.6,Normal,0.542,684,464,795,534
66,6.6,Missing,0.537,492,463,550,535
66,6.6,Normal,0.298,496,235,606,308
67,6.7,Normal,0.886,478,474,596,549
67,6.7,Normal,0.787,477,246,597,319
67,6.7,Normal,0.629,673,8,785,82
67,6.7,Normal,0.54,674,244,784,317
67,6.7,Inverted,0.534,677,476,790,547
67,6.7,Normal,0.474,479,7,600,83
68,6.8,Normal,0.822,676,266,792,338
68,6.8,Normal,0.791,486,34,602,108
68,6.8,Normal,0.775,486,502,602,576
68,6.8,Normal,0.772,676,503,793,576
68,6.8,Normal,0.762,677,36,794,110
68,6.8,Inverted,0.703,482,267,596,344
69,6.9,Normal,0.827,487,313,604,385
69,6.9,Normal,0.766,489,91,603,162
69,6.9,Normal,0.75,682,312,793,385
69,6.9,Normal,0.746,485,536,605,608
69,6.9,Normal,0.689,684,534,793,607
69,6.9,Missing,0.561,687,91,789,161
70,7.0,Normal,0.841,686,624,796,699
70,7.0,Normal,0.812,497,157,609,229
70,7.0,Normal,0.81,688,156,796,230
70,7.0,Normal,0.795,495,622,608,697
70,7.0,Normal,0.603,687,392,795,462
70,7.0,Missing,0.564,491,393,588,464
71,7.1,Normal,0.754,497,171,609,246
71,7.1,Normal,0.753,496,419,607,493
71,7.1,Normal,0.57,686,421,795,495
72,7.2,Normal,0.862,482,186,602,260
72,7.2,Normal,0.842,679,185,792,259
72,7.2,Normal,0.831,485,423,602,498
72,7.2,Normal,0.275,680,651,791,719
73,7.3,Normal,0.85,484,42,602,116
73,7.3,Normal,0.825,485,511,602,587
73,7.3,Normal,0.806,680,276,791,351
73,7.3,Normal,0.764,681,510,791,587
73,7.3,Normal,0.409,483,278,601,351
74,7.4,Normal,0.877,688,467,796,540
74,7.4,Normal,0.877,496,467,609,541
74,7.4,Normal,0.771,498,228,609,302
74,7.4,Fractured,0.273,697,230,798,306
75,7.5,Normal,0.907,677,141,795,216
75,7.5,Normal,0.868,680,381,791,458
75,7.5,Normal,0.834,481,611,602,686
75,7.5,Normal,0.77,484,382,604,459
75,7.5,Normal,0.63,679,610,792,682
76,7.6,Normal,0.845,495,434,607,509
76,7.6,Normal,0.785,687,434,796,507
76,7.6,Normal,0.784,687,206,795,279
77,7.7,Normal,0.857,685,425,794,500
77,7.7,Normal,0.844,496,422,609,500
77,7.7,Normal,0.632,686,193,795,269
77,7.7,Fractured,0.486,497,197,608,270
78,7.8,Normal,0.89,679,93,794,168
78,7.8,Normal,0.879,482,94,604,170
78,7.8,Normal,0.872,679,319,792,395
78,7.8,Normal,0.865,679,550,792,624
78,7.8,Normal,0.748,483,321,602,396
79,7.9,Normal,0.871,682,313,791,390
79,7.9,Normal,0.852,483,314,603,388
79,7.9,Normal,0.849,680,76,795,153
79,7.9,Normal,0.845,482,550,603,626
79,7.9,Normal,0.746,483,79,604,154
80,8.0,Normal,0.864,497,263,609,337
80,8.0,Normal,0.833,497,32,610,106
80,8.0,Normal,0.819,687,496,797,569
80,8.0,Normal,0.687,685,31,798,108
80,8.0,Normal,0.514,688,263,797,338
80,8.0,Inverted,0.348,685,262,798,339
81,8.1,Normal,0.875,681,459,794,533
81,8.1,Normal,0.838,487,458,604,534
81,8.1,Normal,0.754,488,238,603,312
82,8.2,Normal,0.855,496,603,607,679
82,8.2,Normal,0.795,683,135,795,207
82,8.2,Normal,0.773,683,364,794,437
82,8.2,Normal,0.723,686,605,796,680
82,8.2,Normal,0.69,494,133,605,209
83,8.3,Normal,0.886,681,554,794,629
83,8.3,Normal,0.827,486,553,604,629
83,8.3,Normal,0.822,680,335,795,411
83,8.3,Normal,0.82,484,336,605,411
83,8.3,Normal,0.787,484,124,604,199
83,8.3,Fractured,0.627,685,126,794,201
84,8.4,Normal,0.857,499,556,609,634
84,8.4,Normal,0.821,688,328,796,402
84,8.4,Normal,0.801,687,104,795,177
84,8.4,Normal,0.675,498,328,609,401
84,8.4,Normal,0.554,688,560,795,633
84,8.4,Fractured,0.417,490,105,605,181
85,8.5,Normal,0.859,686,565,796,639
85,8.5,Normal,0.844,497,97,608,172
85,8.5,Normal,0.84,685,327,796,403
85,8.5,Normal,0.754,497,326,610,401
85,8.5,Fractured,0.726,685,101,789,175
85,8.5,Normal,0.698,495,564,607,638
86,8.6,Normal,0.82,484,297,604,372
86,8.6,Normal,0.804,683,70,794,146
86,8.6,Normal,0.759,485,71,604,145
86,8.6,Normal,0.727,482,527,603,603
86,8.6,Normal,0.618,682,298,793,372
87,8.7,Normal,0.793,495,482,607,556
87,8.7,Normal,0.647,496,248,607,320
87,8.7,Normal,0.642,687,482,796,558
87,8.7,Normal,0.476,684,14,796,85
87,8.7,Normal,0.288,498,15,609,85
88,8.8,Normal,0.888,682,194,796,268
88,8.8,Normal,0.858,483,415,604,489
88,8.8,Normal,0.854,683,413,796,487
88,8.8,Normal,0.561,483,637,603,710
88,8.8,Normal,0.467,681,636,797,710
89,8.9,Normal,0.829,480,271,595,344
89,8.9,Normal,0.81,476,503,594,579
89,8.9,Normal,0.789,478,35,596,110
89,8.9,Normal,0.738,673,503,782,577
89,8.9,Normal,0.641,673,269,783,343
89,8.9,Inverted,0.354,673,36,787,109
90,9.0,Normal,0.854,485,559,602,635
90,9.0,Normal,0.806,677,106,794,180
90,9.0,Normal,0.778,485,331,601,406
90,9.0,Inverted,0.718,679,337,790,409
90,9.0,Normal,0.713,676,558,793,634
90,9.0,Normal,0.555,486,105,601,179
91,9.1,Normal,0.795,496,154,607,228
91,9.1,Normal,0.793,687,156,795,229
91,9.1,Normal,0.764,496,590,609,666
91,9.1,Normal,0.744,495,378,609,453
91,9.1,Normal,0.737,685,379,796,455
92,9.2,Normal,0.871,681,356,796,431
92,9.2,Normal,0.797,682,130,796,204
92,9.2,Normal,0.796,684,577,795,655
92,9.2,Normal,0.762,484,579,604,654
92,9.2,Normal,0.745,483,132,602,204
93,9.3,Normal,0.787,490,460,602,535
93,9.3,Normal,0.736,679,461,795,533
93,9.3,Normal,0.718,679,235,793,307
93,9.3,Inverted,0.575,483,236,565,308
94,9.4,Normal,0.867,675,575,784,648
94,9.4,Normal,0.86,479,115,598,188
94,9.4,Normal,0.802,481,576,597,649
94,9.4,Inverted,0.679,481,351,600,425
94,9.4,Normal,0.672,675,113,789,185
94,9.4,Normal,0.62,674,346,784,419
95,9.5,Normal,0.868,482,555,596,629
95,9.5,Normal,0.77,676,325,784,397
95,9.5,Inverted,0.733,673,89,783,162
95,9.5,Normal,0.73,483,87,596,161
95,9.5,Normal,0.6,675,555,783,628
95,9.5,Normal,0.521,481,325,596,399
96,9.6,Normal,0.878,686,593,796,668
96,9.6,Normal,0.863,685,379,796,455
96,9.6,Normal,0.849,495,153,608,228
96,9.6,Normal,0.819,496,590,609,667
96,9.6,Normal,0.805,686,155,795,229
96,9.6,Inverted,0.692,489,378,605,454
97,9.7,Normal,0.882,688,232,796,306
97,9.7,Normal,0.876,686,455,795,530
97,9.7,Normal,0.763,498,231,610,306
97,9.7,Normal,0.719,496,21,608,94
97,9.7,Normal,0.701,496,454,612,529
97,9.7,Inverted,0.445,683,21,796,99
98,9.8,Normal,0.858,675,533,787,606
98,9.8,Normal,0.84,480,533,596,609
98,9.8,Normal,0.832,481,70,595,141
98,9.8,Inverted,0.814,676,302,783,380
98,9.8,Normal,0.798,482,300,596,372
98,9.8,Normal,0.745,675,68,786,140
99,9.9,Normal,0.864,689,86,797,160
99,9.9,Normal,0.82,495,540,609,614
99,9.9,Normal,0.806,497,84,609,159
99,9.9,Normal,0.761,495,310,611,386
99,9.9,Normal,0.654,687,312,796,386
99,9.9,Inverted,0.35,685,544,794,620
99,9.9,Displaced,0.298,684,311,796,389
100,10.0,Normal,0.845,480,360,597,435
100,10.0,Normal,0.79,479,598,595,672
100,10.0,Normal,0.699,673,360,785,435
100,10.0,Inverted,0.697,483,129,598,206
100,10.0,Normal,0.679,675,129,785,203
100,10.0,Normal,0.482,675,599,785,670
